{
    "users": {
        "744584623216001084": {
            "followers": 3969439,
            "total_likes": 181970714,
            "total_posts": 14,
            "viral_posts": 6,
            "mega_viral_posts": 5,
            "joined_timestamp": null
        },
        "1113917525546246225": {
            "followers": 24017,
            "total_likes": 163207,
            "total_posts": 8,
            "viral_posts": 0,
            "mega_viral_posts": 0,
            "joined_timestamp": null
        },
        "1193989976057188495": {
            "followers": 1482,
            "total_likes": 14057,
            "total_posts": 1,
            "viral_posts": 0,
            "mega_viral_posts": 0,
            "joined_timestamp": null
        },
        "1395830736367390900": {
            "followers": 1237,
            "total_likes": 8370,
            "total_posts": 5,
            "viral_posts": 0,
            "mega_viral_posts": 0,
            "joined_timestamp": null
        },
        "1102206687722614815": {
            "followers": 679,
            "total_likes": 3163,
            "total_posts": 2,
            "viral_posts": 0,
            "mega_viral_posts": 0,
            "joined_timestamp": null
        },
        "1350938884942598165": {
            "followers": 740,
            "total_likes": 5007,
            "total_posts": 1,
            "viral_posts": 0,
            "mega_viral_posts": 0,
            "joined_timestamp": null
        },
        "1041950491308986450": {
            "followers": 1627,
            "total_likes": 8139,
            "total_posts": 3,
            "viral_posts": 0,
            "mega_viral_posts": 0,
            "joined_timestamp": null
        },
        "1387312927685611652": {
            "followers": 5914,
            "total_likes": 46556,
            "total_posts": 6,
            "viral_posts": 0,
            "mega_viral_posts": 0,
            "joined_timestamp": null
        },
        "1321827870750019669": {
            "followers": 452,
            "total_likes": 3216,
            "total_posts": 2,
            "viral_posts": 0,
            "mega_viral_posts": 0,
            "joined_timestamp": null
        }
    },
    "posts": {
        "1": {
            "author": "744584623216001084",
            "content": "hello i’m james eden",
            "likes": 2131,
            "shares": 217,
            "comments": [
                "@InnovatorX: Wow, just wow... speechless"
            ],
            "rating": 0.22,
            "followers_gain": 434,
            "viral_type": "regular",
            "viral": false,
            "mega_viral": false,
            "timestamp": null
        },
        "2": {
            "author": "744584623216001084",
            "content": "This new clanker robot is so flipping great!",
            "likes": 3187,
            "shares": 573,
            "comments": [
                "@TrendSetter: Wow, just wow... speechless",
                "@FutureThinker: This is exactly what I needed to see today"
            ],
            "rating": 0.51,
            "followers_gain": 741,
            "viral_type": "regular",
            "viral": false,
            "mega_viral": false,
            "timestamp": null
        },
        "3": {
            "author": "1113917525546246225",
            "content": "💥 Say Goodbye to Stamp Duty! 💷🏠\n\nWe’re scrapping stamp duty to make buying your home easier, faster, and cheaper! That’s more money in your pocket and fewer barriers to getting on the property ladder. 🙌\n\nWhether it’s your first home or your next upgrade, you won’t pay that extra tax anymore. Time to turn your home dreams into reality! ✨\n\nToday i have put forward a bill that will be voted on to end stamp duty, if this gets passed it will be a MASSIVE change for young people getting onto the property ladder.\n\n#NoMoreStampDuty #HomeOwnership #MoreInYourPocket",
            "likes": 5145,
            "shares": 1482,
            "comments": [
                "@IdeaMachine: Mind = blown 🤯"
            ],
            "rating": 0.86,
            "followers_gain": 1386,
            "viral_type": "regular",
            "viral": false,
            "mega_viral": false,
            "timestamp": null
        },
        "4": {
            "author": "744584623216001084",
            "content": "Wentworth Woodhouse is in the final stages! Pre-book your tickets for the opening event at \n\nwentworthwoodhouse.wellingtontrust.uk\nWentworthWoodhouse@wellingtontrust.com",
            "likes": 4975,
            "shares": 969,
            "comments": [
                "@InnovatorX: Wow, just wow... speechless",
                "@TechGuru2024: Love this content!",
                "@IdeaMachine: Mind = blown 🤯",
                "@ContentCreator: 🔥🔥🔥 FIRE POST!",
                "@TrendSetter: This is absolutely incredible! 🔥",
                "@ContentKing: LEGENDARY content right here!"
            ],
            "rating": 0.88,
            "followers_gain": 1446,
            "viral_type": "regular",
            "viral": false,
            "mega_viral": false,
            "timestamp": null
        },
        "5": {
            "author": "744584623216001084",
            "content": "James eden",
            "likes": 4982,
            "shares": 910,
            "comments": [
                "@TrendMaster: Pure gold! 🏆",
                "@DigitalNomad: Really makes you think... 🤔",
                "@ImpactMaker: Absolutely brilliant!"
            ],
            "rating": 0.2,
            "followers_gain": 668,
            "viral_type": "regular",
            "viral": false,
            "mega_viral": false,
            "timestamp": null
        },
        "6": {
            "author": "1193989976057188495",
            "content": "<@1193989976057188495> \n\nThe Britannic Order is the patty of change, the party of pushing boundaries, and foremost the party of rights. The political establishment would have you believe that the hard war on crime and drugs is working, but here's the answer - It's not.\n\nWe want to fund rehabilitative establishment and institutions nationwide and fund programmes, adverts, and other forms of messaging to both help those affected by drugs and stop addiction before it has even started.\n\nThe youth of today often succumb to peer pressure. They often are cajoled into trying drugs. Then they are addicted. if we can make young people say no to drugs, we will have made an accomplishment not just for this government, but for the people.\n\nAs for crime, if we were to allow private prisons often with inhumane conditions to thrive, like in heavily capitalist countries such as the US, we would be doing a disservice to our citizens - the thing that really stops crime is rehabilitative measures and missions to prevent crime rather than trying (and mostly failing) to stamp it out of people with force.\n\nIf we can make change happen, we will be happy. Our happiness is your freedoms and quality of life. <:BritainnicOrder:1400794256704016424>",
            "likes": 14057,
            "shares": 1617,
            "comments": [
                "@ContentCreator: This is insane! How did you come up with this?",
                "@ViralHunter99: Mind = blown 🤯"
            ],
            "rating": 0.85,
            "followers_gain": 1482,
            "viral_type": "regular",
            "viral": false,
            "mega_viral": false,
            "timestamp": null
        },
        "7": {
            "author": "744584623216001084",
            "content": "Henry Brooks is not cool!",
            "likes": 9213,
            "shares": 2722,
            "comments": [
                "@ViralHunter99: Not convinced about this tbh",
                "@ThoughtLeader: Love this content!",
                "@InnovatorX: Really makes you think... 🤔",
                "@ContentCreator: Absolutely brilliant!"
            ],
            "rating": 0.34,
            "followers_gain": 1023,
            "viral_type": "regular",
            "viral": false,
            "mega_viral": false,
            "timestamp": null
        },
        "8": {
            "author": "744584623216001084",
            "content": "hello hi",
            "likes": 7626,
            "shares": 1490,
            "comments": [
                "@InnovatorX: This is exactly what I needed to see today",
                "@DigitalNomad: Can't stop thinking about this",
                "@ViralHunter99: Really makes you think... 🤔",
                "@ImpactMaker: This hits different 💯",
                "@PhilosophyDeep: Could be better imo",
                "@TrendMaster: Could be better imo"
            ],
            "rating": 0.15,
            "followers_gain": 876,
            "viral_type": "regular",
            "viral": false,
            "mega_viral": false,
            "timestamp": null
        },
        "9": {
            "author": "744584623216001084",
            "content": "Please make this viral",
            "likes": 2966,
            "shares": 883,
            "comments": [
                "@HistoryNerd: LEGENDARY content right here!",
                "@TrendMaster: Pure gold! 🏆",
                "@InnovatorX: This is absolutely incredible! 🔥",
                "@WisdomSeeker: So true! Sharing this everywhere",
                "@CreativeGenius: Love this content!",
                "@IdeaMachine: So true! Sharing this everywhere"
            ],
            "rating": 0.34,
            "followers_gain": 1043,
            "viral_type": "regular",
            "viral": false,
            "mega_viral": false,
            "timestamp": null
        },
        "10": {
            "author": "744584623216001084",
            "content": "Hello",
            "likes": 2679,
            "shares": 669,
            "comments": [
                "@TrendMaster: Could be better imo",
                "@DailyInfluencer: Wow, just wow... speechless"
            ],
            "rating": 0.16,
            "followers_gain": 380,
            "viral_type": "regular",
            "viral": false,
            "mega_viral": false,
            "timestamp": null
        },
        "11": {
            "author": "744584623216001084",
            "content": "henry brooks",
            "likes": 35213420,
            "shares": 7819269,
            "comments": [
                "@CreativeGenius: Can't stop thinking about this",
                "@FutureThinker: Mind = blown 🤯",
                "@TrendMaster: This is absolutely incredible! 🔥",
                "@WisdomSeeker: 🔥🔥🔥 FIRE POST!",
                "@IdeaMachine: This is absolutely incredible! 🔥",
                "@PhilosophyDeep: Absolutely brilliant!",
                "@DigitalNomad: Mind = blown 🤯",
                "@ContentKing: Pure gold! 🏆"
            ],
            "rating": 0.34,
            "followers_gain": 534369,
            "viral_type": "mega_viral",
            "viral": true,
            "mega_viral": true,
            "timestamp": null
        },
        "12": {
            "author": "1395830736367390900",
            "content": "I hate leo",
            "likes": 1995,
            "shares": 260,
            "comments": [
                "@HistoryNerd: Could be better imo",
                "@TechGuru2024: This is exactly what I needed to see today",
                "@GamerLegend: This is exactly what I needed to see today",
                "@TrendMaster: I totally agree with this perspective!"
            ],
            "rating": 0.35,
            "followers_gain": 358,
            "viral_type": "regular",
            "viral": false,
            "mega_viral": false,
            "timestamp": null
        },
        "13": {
            "author": "1395830736367390900",
            "content": "Leo should die.",
            "likes": 1204,
            "shares": 219,
            "comments": [
                "@DailyInfluencer: Can't stop thinking about this",
                "@TrendMaster: Love this content!"
            ],
            "rating": 0.19,
            "followers_gain": 137,
            "viral_type": "regular",
            "viral": false,
            "mega_viral": false,
            "timestamp": null
        },
        "14": {
            "author": "1113917525546246225",
            "content": "howdy",
            "likes": 5358,
            "shares": 1162,
            "comments": [
                "@GamerLegend: This is insane! How did you come up with this?",
                "@InnovatorX: Mind = blown 🤯",
                "@ContentCreator: Really makes you think... 🤔",
                "@TechGuru2024: I totally agree with this perspective!",
                "@TrendMaster: Could be better imo",
                "@CreativeGenius: This needs way more attention!"
            ],
            "rating": 0.3,
            "followers_gain": 595,
            "viral_type": "regular",
            "viral": false,
            "mega_viral": false,
            "timestamp": null
        },
        "15": {
            "author": "1395830736367390900",
            "content": "I hate leo",
            "likes": 2126,
            "shares": 392,
            "comments": [
                "@PhilosophyDeep: LOL this made my day 😂",
                "@ContentKing: Can't stop thinking about this",
                "@TrendMaster: Mind = blown 🤯",
                "@GamerLegend: Really makes you think... 🤔",
                "@ImpactMaker: This is insane! How did you come up with this?"
            ],
            "rating": 0.2,
            "followers_gain": 220,
            "viral_type": "regular",
            "viral": false,
            "mega_viral": false,
            "timestamp": null
        },
        "16": {
            "author": "1113917525546246225",
            "content": "Mr grant forgot to fix ts",
            "likes": 1119,
            "shares": 288,
            "comments": [
                "@TechGuru2024: Finally someone said it!",
                "@TrendSetter: Finally someone said it!"
            ],
            "rating": 0.23,
            "followers_gain": 289,
            "viral_type": "regular",
            "viral": false,
            "mega_viral": false,
            "timestamp": null
        },
        "17": {
            "author": "1395830736367390900",
            "content": "Leo should rot",
            "likes": 2395,
            "shares": 637,
            "comments": [
                "@ContentCreator: Really makes you think... 🤔",
                "@CoolVibes123: Wow, just wow... speechless",
                "@HistoryNerd: Mind = blown 🤯"
            ],
            "rating": 0.19,
            "followers_gain": 350,
            "viral_type": "regular",
            "viral": false,
            "mega_viral": false,
            "timestamp": null
        },
        "18": {
            "author": "1113917525546246225",
            "content": "VOTE BRITANNIC",
            "likes": 1401,
            "shares": 288,
            "comments": [
                "@DailyInfluencer: Can't stop thinking about this",
                "@ContentKing: This is insane! How did you come up with this?",
                "@InnovatorX: I totally agree with this perspective!",
                "@TrendSetter: This hits different 💯",
                "@TrendMaster: This is insane! How did you come up with this?",
                "@ImpactMaker: I totally agree with this perspective!",
                "@ViralQueen: I totally agree with this perspective!",
                "@HistoryNerd: Love this content!"
            ],
            "rating": 0.19,
            "followers_gain": 243,
            "viral_type": "regular",
            "viral": false,
            "mega_viral": false,
            "timestamp": null
        },
        "19": {
            "author": "1113917525546246225",
            "content": "VOTE BRITANNIC ORDER NEXT GE",
            "likes": 7431,
            "shares": 1829,
            "comments": [
                "@CoolVibes123: I totally agree with this perspective!",
                "@IdeaMachine: This is insane! How did you come up with this?",
                "@TrendSetter: Not convinced about this tbh",
                "@ViralHunter99: Really makes you think... 🤔"
            ],
            "rating": 0.39,
            "followers_gain": 1184,
            "viral_type": "regular",
            "viral": false,
            "mega_viral": false,
            "timestamp": null
        },
        "20": {
            "author": "1102206687722614815",
            "content": "test.",
            "likes": 2013,
            "shares": 235,
            "comments": [
                "@ContentCreator: So true! Sharing this everywhere",
                "@TrendSetter: This is insane! How did you come up with this?",
                "@InnovatorX: Love this content!"
            ],
            "rating": 0.24,
            "followers_gain": 410,
            "viral_type": "regular",
            "viral": false,
            "mega_viral": false,
            "timestamp": null
        },
        "21": {
            "author": "744584623216001084",
            "content": "Hello Hi",
            "likes": 41390357,
            "shares": 8758783,
            "comments": [
                "@IdeaMachine: LOL this made my day 😂",
                "@TrendMaster: Love this content!",
                "@GamerLegend: So true! Sharing this everywhere",
                "@TrendSetter: Finally someone said it!",
                "@ViralHunter99: 🔥🔥🔥 FIRE POST!",
                "@PhilosophyDeep: This is absolutely incredible! 🔥",
                "@ViralQueen: LEGENDARY content right here!",
                "@WisdomSeeker: Wow, just wow... speechless"
            ],
            "rating": 0.25,
            "followers_gain": 978768,
            "viral_type": "mega_viral",
            "viral": true,
            "mega_viral": true,
            "timestamp": null
        },
        "22": {
            "author": "1113917525546246225",
            "content": "🚀 FREE Youth Skills Boost 🚀\n\nIf you’re 16–25, you can now get free training in:\n💻 Coding\n📢 Digital marketing\n🔨 Carpentry\n💷 Money skills\n… and more.\n\n✅ 10,000 places in every region\n✅ Travel vouchers for in-person courses\n✅ Evening & weekend options\n✅ Job-matching support\n\nFunded from existing budgets, no new law, no waiting.\n\n📅 Starts next month.\n📍 Local colleges, libraries & online.\n\nYour skills, your future. Let’s go.\n\nLeo Barrington CND, working for my constituency. \n\n#YouthSkillsBoost #JobReady #GovUK\n\n\n\n**Only available in Cardiff and the surrounding area**",
            "likes": 15680,
            "shares": 3669,
            "comments": [
                "@TechGuru2024: LEGENDARY content right here!"
            ],
            "rating": 0.84,
            "followers_gain": 2079,
            "viral_type": "regular",
            "viral": false,
            "mega_viral": false,
            "timestamp": null
        },
        "23": {
            "author": "1350938884942598165",
            "content": "They doubted us, from 17 Seats to 160 in just over a year. Challenging for opposition. \nSupport Smart, Support TPR.\n#Unstoppable",
            "likes": 5007,
            "shares": 639,
            "comments": [
                "@ThoughtLeader: Could be better imo",
                "@ContentKing: Pure gold! 🏆",
                "@HistoryNerd: Could be better imo",
                "@CreativeGenius: I totally agree with this perspective!"
            ],
            "rating": 0.81,
            "followers_gain": 740,
            "viral_type": "regular",
            "viral": false,
            "mega_viral": false,
            "timestamp": null
        },
        "24": {
            "author": "1113917525546246225",
            "content": "👀 Something big is coming for Britain’s high streets…\n\n🛍️ More life, more colour, more reasons to visit\n📅 Rolling out this October\n🏢 Backed by existing regeneration & small business funds — no bill needed, just action\n\nBritannic Order is delivering for Britains streets. \n\nWatch this space.\n#HighStreetRevival #ComingSoon #GovUK",
            "likes": 29200,
            "shares": 7247,
            "comments": [
                "@DailyInfluencer: LEGENDARY content right here!",
                "@HistoryNerd: This is absolutely incredible! 🔥",
                "@DigitalNomad: 🔥🔥🔥 FIRE POST!",
                "@ImpactMaker: This hits different 💯",
                "@TrendSetter: This hits different 💯",
                "@ThoughtLeader: Mind = blown 🤯",
                "@PhilosophyDeep: Can't stop thinking about this"
            ],
            "rating": 0.86,
            "followers_gain": 7571,
            "viral_type": "regular",
            "viral": false,
            "mega_viral": false,
            "timestamp": null
        },
        "25": {
            "author": "744584623216001084",
            "content": "The 12:00 Polls are going to be an interesting one today! 👀 Keep your eyes peeled.",
            "likes": 31160681,
            "shares": 9983050,
            "comments": [
                "@ViralHunter99: Can't stop thinking about this",
                "@ImpactMaker: Can't stop thinking about this",
                "@GamerLegend: This is absolutely incredible! 🔥",
                "@CoolVibes123: 🔥🔥🔥 FIRE POST!",
                "@TrendSetter: Really makes you think... 🤔",
                "@ContentKing: Wow, just wow... speechless",
                "@InnovatorX: LOL this made my day 😂",
                "@DailyInfluencer: So true! Sharing this everywhere"
            ],
            "rating": 0.53,
            "followers_gain": 827928,
            "viral_type": "mega_viral",
            "viral": true,
            "mega_viral": true,
            "timestamp": null
        },
        "26": {
            "author": "1102206687722614815",
            "content": "This is awesome.",
            "likes": 1150,
            "shares": 253,
            "comments": [
                "@GamerLegend: Pure gold! 🏆",
                "@ContentCreator: Wow, just wow... speechless"
            ],
            "rating": 0.2,
            "followers_gain": 269,
            "viral_type": "regular",
            "viral": false,
            "mega_viral": false,
            "timestamp": null
        },
        "27": {
            "author": "1041950491308986450",
            "content": "i'm gay",
            "likes": 1795,
            "shares": 456,
            "comments": [
                "@GamerLegend: LOL this made my day 😂",
                "@TrendSetter: Finally someone said it!",
                "@ThoughtLeader: LOL this made my day 😂",
                "@ViralQueen: Really makes you think... 🤔",
                "@ContentKing: 🔥🔥🔥 FIRE POST!",
                "@ContentCreator: Can't stop thinking about this",
                "@DigitalNomad: Not convinced about this tbh"
            ],
            "rating": 0.29,
            "followers_gain": 378,
            "viral_type": "regular",
            "viral": false,
            "mega_viral": false,
            "timestamp": null
        },
        "28": {
            "author": "1387312927685611652",
            "content": "I am the best",
            "likes": 1214,
            "shares": 300,
            "comments": [
                "@ContentCreator: Could be better imo",
                "@CoolVibes123: I totally agree with this perspective!",
                "@DigitalNomad: Not convinced about this tbh",
                "@ViralQueen: Absolutely brilliant!",
                "@TechGuru2024: This needs way more attention!",
                "@ThoughtLeader: 🔥🔥🔥 FIRE POST!",
                "@ImpactMaker: Mind = blown 🤯",
                "@WisdomSeeker: Wow, just wow... speechless"
            ],
            "rating": 0.22,
            "followers_gain": 397,
            "viral_type": "regular",
            "viral": false,
            "mega_viral": false,
            "timestamp": null
        },
        "29": {
            "author": "1387312927685611652",
            "content": "Wallian Smith is the best Briton ever",
            "likes": 7613,
            "shares": 1220,
            "comments": [
                "@FutureThinker: Wow, just wow... speechless"
            ],
            "rating": 0.42,
            "followers_gain": 810,
            "viral_type": "regular",
            "viral": false,
            "mega_viral": false,
            "timestamp": null
        },
        "30": {
            "author": "1387312927685611652",
            "content": "I am a \"Good Boy\"",
            "likes": 3500,
            "shares": 544,
            "comments": [
                "@HistoryNerd: Can't stop thinking about this",
                "@TrendMaster: Pure gold! 🏆",
                "@ThoughtLeader: LOL this made my day 😂",
                "@DigitalNomad: LEGENDARY content right here!",
                "@GamerLegend: Absolutely brilliant!",
                "@ViralHunter99: Can't stop thinking about this",
                "@CreativeGenius: So true! Sharing this everywhere"
            ],
            "rating": 0.32,
            "followers_gain": 587,
            "viral_type": "regular",
            "viral": false,
            "mega_viral": false,
            "timestamp": null
        },
        "31": {
            "author": "1387312927685611652",
            "content": "I have so much AURA",
            "likes": 2544,
            "shares": 535,
            "comments": [
                "@ThoughtLeader: Absolutely brilliant!",
                "@PhilosophyDeep: This is insane! How did you come up with this?",
                "@ImpactMaker: LEGENDARY content right here!",
                "@ViralQueen: This is exactly what I needed to see today",
                "@CreativeGenius: This is absolutely incredible! 🔥",
                "@TrendMaster: This is insane! How did you come up with this?",
                "@TrendSetter: LOL this made my day 😂",
                "@ContentCreator: This needs way more attention!"
            ],
            "rating": 0.36,
            "followers_gain": 481,
            "viral_type": "regular",
            "viral": false,
            "mega_viral": false,
            "timestamp": null
        },
        "32": {
            "author": "1321827870750019669",
            "content": "hshsjsjhs",
            "likes": 2087,
            "shares": 256,
            "comments": [
                "@ImpactMaker: I totally agree with this perspective!",
                "@WisdomSeeker: This is absolutely incredible! 🔥",
                "@FutureThinker: LEGENDARY content right here!",
                "@CreativeGenius: Love this content!",
                "@ViralQueen: Wow, just wow... speechless"
            ],
            "rating": 0.19,
            "followers_gain": 224,
            "viral_type": "regular",
            "viral": false,
            "mega_viral": false,
            "timestamp": null
        },
        "33": {
            "author": "1387312927685611652",
            "content": "Leo Barrington is a retard",
            "likes": 3081,
            "shares": 506,
            "comments": [
                "@ContentCreator: Really makes you think... 🤔"
            ],
            "rating": 0.25,
            "followers_gain": 471,
            "viral_type": "regular",
            "viral": false,
            "mega_viral": false,
            "timestamp": null
        },
        "34": {
            "author": "1041950491308986450",
            "content": "Unity Front, is changing not just for the election, but  you ,  your family , and Britain.\n\n\nThat is a commitment that we will deliver. <:UnityFront:1400793818437255279> \n\n Choose Stability. Choose Unity Front.",
            "likes": 2560,
            "shares": 474,
            "comments": [
                "@PhilosophyDeep: Finally someone said it!",
                "@ViralHunter99: This needs way more attention!"
            ],
            "rating": 0.88,
            "followers_gain": 536,
            "viral_type": "regular",
            "viral": false,
            "mega_viral": false,
            "timestamp": null
        },
        "35": {
            "author": "1395830736367390900",
            "content": "I hate Leo So much",
            "likes": 650,
            "shares": 73,
            "comments": [
                "@WisdomSeeker: Can't stop thinking about this",
                "@PhilosophyDeep: Wow, just wow... speechless",
                "@HistoryNerd: Absolutely brilliant!",
                "@TechGuru2024: 🔥🔥🔥 FIRE POST!",
                "@GamerLegend: LOL this made my day 😂",
                "@InnovatorX: Pure gold! 🏆"
            ],
            "rating": 0.28,
            "followers_gain": 172,
            "viral_type": "regular",
            "viral": false,
            "mega_viral": false,
            "timestamp": null
        },
        "36": {
            "author": "744584623216001084",
            "content": "The Wellington Trust is going to be opening Wentworth Woodhouse very soon! Introducing Wellington Beer! A 7% Beer that is guaranteed to make you a little bit dizzy! \n\nWentworthWoodhouse@Wellingtontrust.uk",
            "likes": 34704228,
            "shares": 8317583,
            "comments": [
                "@DigitalNomad: Really makes you think... 🤔",
                "@TrendMaster: Not convinced about this tbh",
                "@CoolVibes123: I totally agree with this perspective!",
                "@IdeaMachine: This needs way more attention!",
                "@InnovatorX: Pure gold! 🏆",
                "@WisdomSeeker: I totally agree with this perspective!",
                "@TrendSetter: This is absolutely incredible! 🔥",
                "@ThoughtLeader: Pure gold! 🏆"
            ],
            "rating": 0.85,
            "followers_gain": 609270,
            "viral_type": "mega_viral",
            "viral": true,
            "mega_viral": true,
            "timestamp": null
        },
        "37": {
            "author": "1041950491308986450",
            "content": "Glasgow City Council has passed a bill, increasing the sentence of all prisoners of horrendous crimes, from the average of 6, to 12. We are committed, to making sure our people feel safe, and be given justice. Thank you. <:UnityFront:1400793818437255279>",
            "likes": 3784,
            "shares": 541,
            "comments": [
                "@WisdomSeeker: LEGENDARY content right here!",
                "@DigitalNomad: This hits different 💯",
                "@ImpactMaker: Absolutely brilliant!",
                "@IdeaMachine: LOL this made my day 😂",
                "@FutureThinker: Pure gold! 🏆",
                "@ContentCreator: This needs way more attention!",
                "@TrendSetter: This is insane! How did you come up with this?"
            ],
            "rating": 0.83,
            "followers_gain": 713,
            "viral_type": "regular",
            "viral": false,
            "mega_viral": false,
            "timestamp": null
        },
        "38": {
            "author": "744584623216001084",
            "content": "Social Media is rife with Election posts! Who are you voting for? #GeneralElection #GE",
            "likes": 2608439,
            "shares": 500956,
            "comments": [
                "@ContentKing: This hits different 💯",
                "@WisdomSeeker: LEGENDARY content right here!",
                "@ImpactMaker: Not convinced about this tbh",
                "@TechGuru2024: Not convinced about this tbh",
                "@CoolVibes123: LOL this made my day 😂",
                "@PhilosophyDeep: This is insane! How did you come up with this?"
            ],
            "rating": 0.64,
            "followers_gain": 59371,
            "viral_type": "viral",
            "viral": true,
            "mega_viral": false,
            "timestamp": null
        },
        "39": {
            "author": "1113917525546246225",
            "content": "Britannic order is dedicated on getting the M25 fully repaved, this will ONLY happen with a Britannic Order Government.\n\nSo put that big ❌ on the ballot paper when your postal vote gets delivered.",
            "likes": 97873,
            "shares": 19133,
            "comments": [
                "@ViralHunter99: So true! Sharing this everywhere",
                "@TrendMaster: I totally agree with this perspective!",
                "@ViralQueen: This is insane! How did you come up with this?",
                "@CreativeGenius: So true! Sharing this everywhere",
                "@FutureThinker: This is insane! How did you come up with this?",
                "@ImpactMaker: Finally someone said it!",
                "@IdeaMachine: This is exactly what I needed to see today"
            ],
            "rating": 0.9,
            "followers_gain": 10670,
            "viral_type": "regular",
            "viral": false,
            "mega_viral": false,
            "timestamp": null
        },
        "40": {
            "author": "1387312927685611652",
            "content": "The polls may be against us, but we are still the best choice for Britain.\n\nChoose Stability, Choose The Unity Front!",
            "likes": 28604,
            "shares": 4663,
            "comments": [
                "@FutureThinker: Wow, just wow... speechless",
                "@ContentCreator: Could be better imo"
            ],
            "rating": 0.82,
            "followers_gain": 3168,
            "viral_type": "regular",
            "viral": false,
            "mega_viral": false,
            "timestamp": null
        },
        "41": {
            "author": "1321827870750019669",
            "content": "Vote the progress Alliance, for Britain.",
            "likes": 1129,
            "shares": 199,
            "comments": [
                "@PhilosophyDeep: Can't stop thinking about this",
                "@CoolVibes123: LOL this made my day 😂",
                "@ThoughtLeader: So true! Sharing this everywhere",
                "@HistoryNerd: This is absolutely incredible! 🔥",
                "@CreativeGenius: Not convinced about this tbh",
                "@ViralHunter99: LEGENDARY content right here!",
                "@ImpactMaker: This needs way more attention!"
            ],
            "rating": 0.33,
            "followers_gain": 228,
            "viral_type": "regular",
            "viral": false,
            "mega_viral": false,
            "timestamp": null
        },
        "42": {
            "author": "744584623216001084",
            "content": "The Speaker of the House will be posting Election Polls every single day of the Campaign Period!",
            "likes": 36855830,
            "shares": 6345549,
            "comments": [
                "@HistoryNerd: So true! Sharing this everywhere",
                "@WisdomSeeker: LEGENDARY content right here!",
                "@TrendSetter: This is absolutely incredible! 🔥",
                "@PhilosophyDeep: This is exactly what I needed to see today",
                "@CoolVibes123: Pure gold! 🏆",
                "@TrendMaster: This is exactly what I needed to see today",
                "@ViralHunter99: This hits different 💯",
                "@IdeaMachine: This is insane! How did you come up with this?"
            ],
            "rating": 0.65,
            "followers_gain": 953122,
            "viral_type": "mega_viral",
            "viral": true,
            "mega_viral": true,
            "timestamp": null
        }
    }
}