{
    "users": {
        "744584623216001084": {
            "followers": 148,
            "total_likes": 399,
            "total_posts": 1,
            "viral_posts": 0,
            "joined_timestamp": null
        }
    },
    "posts": {
        "1": {
            "author": "744584623216001084",
            "content": "clanker",
            "likes": 399,
            "shares": 80,
            "comments": [
                "@TrendSetter: Really makes you think... 🤔",
                "@ImpactMaker: Love this content!",
                "@FutureThinker: Pure gold! 🏆",
                "@ViralHunter99: This hits different 💯",
                "@DigitalNomad: So true! Sharing this everywhere",
                "@DailyInfluencer: Not convinced about this tbh",
                "@GamerLegend: This needs way more attention!",
                "@TrendMaster: LEGENDARY content right here!"
            ],
            "rating": 0.23,
            "followers_gain": 148,
            "viral": false,
            "timestamp": null
        }
    }
}